{
	"telemetry.telemetryLevel": "all",
	"diffEditor.diffAlgorithm": "advanced",
	"editor.cursorBlinking": "blink",
	"editor.fontFamily": "Menlo, Monaco, 'Courier New', monospace",
	"editor.fontSize": 12,
	"editor.lineHeight": 0,
	"editor.lineNumbers": "on",
	"editor.renderWhitespace": "selection",
	"editor.rulers": [],
	"editor.tabSize": 4,
	"editor.insertSpaces": true,
	"editor.trimAutoWhitespace": true,
	"editor.wordWrap": "off",
	"files.encoding": "utf8",
	"files.autoGuessEncoding": false,
	"files.trimTrailingWhitespace": false,
	"files.insertFinalNewline": false,
	"files.trimFinalNewlines": false,
	"workbench.colorTheme": "Qoder Dark",
	"workbench.iconTheme": "vs-seti",
	"terminal.integrated.shell.osx": "/bin/zsh",
	"terminal.integrated.defaultProfile.osx": "zsh",
	"terminal.integrated.fontFamily": "Menlo, Monaco, 'Courier New', monospace",
	"terminal.integrated.fontSize": 12,
	"terminal.integrated.cursorStyle": "block",
	"terminal.integrated.cursorBlinking": false,
	"terminal.integrated.scrollback": 1000,
	"terminal.integrated.gpuAcceleration": "auto",
	"terminal.integrated.enableImages": false,
	"terminal.integrated.shellIntegration.enabled": true,
	"terminal.integrated.suggest.enabled": false,
	"terminal.integrated.defaultLocation": "view",
	"terminal.integrated.tabs.enabled": true,
	"terminal.integrated.tabs.location": "right",
	"terminal.integrated.tabs.showActiveTerminal": "singleTerminalOrNarrow",
	"debug.javascript.autoAttachFilter": "disabled",
	"debug.javascript.unmapMissingSources": false,
	"debug.javascript.breakOnConditionalError": false,
	"debug.javascript.debugByLinkOptions": "on",
	"python.pythonPath": "python",
	"python.venvPath": "",
	"python.analysis.typeCheckingMode": "off",
	"python.languageServer": "None",
	"python.terminal.activateEnvironment": true,
	"python.terminal.shellIntegration.enabled": false,
	"python.testing.pytestEnabled": false,
	"python.testing.unittestEnabled": false,
	"javascript.preferences.quoteStyle": "auto",
	"typescript.preferences.quoteStyle": "auto",
	"html.format.enable": true,
	"css.validate": true,
	"scss.validate": true,
	"less.validate": true,
	"json.validate.enable": true,
	"markdown.preview.typographer": false,
	"markdown.preview.breaks": false,
	"markdown.validate.enabled": false,
	"extensions.autoCheckUpdates": true,
	"extensions.autoUpdate": true,
	"update.mode": "default",
	"git.enabled": true,
	"git.autofetch": false,
	"git.autoRepositoryDetection": true,
	"git.enableSmartCommit": false,
	"git.confirmSync": true,
	"git.postCommitCommand": "none",
	"npm.runSilent": false,
	"emmet.includeLanguages": {},
	"emmet.excludeLanguages": ["markdown"],
	"accessibility.dimUnfocused.enabled": false,
	"accessibility.signals.save": {
		"sound": "never",
		"announcement": "never"
	},
	"accessibility.signals.format": {
		"sound": "never",
		"announcement": "never"
	}
}
