{
  "version": "1.0.0",
  "last_updated": "2025-01-21",
  "next_review": "2025-01-28",
  "documents": {
    "PRD.md": {
      "version": "1.0.0",
      "status": "approved",
      "last_modified": "2025-01-21",
      "approved_by": "PM",
      "change_log": [
        {
          "version": "1.0.0",
          "date": "2025-01-21",
          "changes": "Initial PRD creation with comprehensive project breakdown",
          "author": "Development Team"
        }
      ]
    },
    "PRD_TASK_BREAKDOWN.md": {
      "version": "1.0.0",
      "status": "approved",
      "last_modified": "2025-01-21",
      "approved_by": "PM",
      "change_log": [
        {
          "version": "1.0.0",
          "date": "2025-01-21",
          "changes": "Initial task breakdown with 71 detailed tasks",
          "author": "Development Team"
        }
      ]
    },
    "ENHANCED_ARCHITECTURE.md": {
      "version": "1.0.0",
      "status": "draft",
      "last_modified": "2025-01-21",
      "approved_by": null,
      "change_log": [
        {
          "version": "1.0.0",
          "date": "2025-01-21",
          "changes": "Initial architecture documentation",
          "author": "Development Team"
        }
      ]
    },
    "ENHANCED_TECH_STACK.md": {
      "version": "1.0.0",
      "status": "draft",
      "last_modified": "2025-01-21",
      "approved_by": null,
      "change_log": [
        {
          "version": "1.0.0",
          "date": "2025-01-21",
          "changes": "Initial technology stack definition",
          "author": "Development Team"
        }
      ]
    },
    "IMPLEMENTATION_PLAN.md": {
      "version": "1.0.0",
      "status": "draft",
      "last_modified": "2025-01-21",
      "approved_by": null,
      "change_log": [
        {
          "version": "1.0.0",
          "date": "2025-01-21",
          "changes": "Initial implementation plan",
          "author": "Development Team"
        }
      ]
    }
  },
  "approval_workflow": {
    "draft": ["PM", "Technical Lead"],
    "review": ["PM", "Technical Lead", "Stakeholders"],
    "approved": ["PM", "Technical Lead", "Stakeholders"],
    "archived": ["PM", "Technical Lead"]
  },
  "change_management": {
    "major_version_increment": [
      "Breaking changes",
      "Major feature additions",
      "Architecture changes"
    ],
    "minor_version_increment": [
      "New features",
      "Performance improvements",
      "Bug fixes"
    ],
    "patch_version_increment": [
      "Documentation updates",
      "Minor fixes",
      "Text improvements"
    ]
  }
}