{
  "mcpServers": {
    "brave-search": {
      "command": "npx",
      "args": [
        "-y",
        "@modelcontextprotocol/server-brave-search"
      ],
      "env": {
        "BRAVE_API_KEY": "BSAInNMGxwYZvSycTR326C1hWpr3l6W"
      },
      "alwaysAllow": [
        "brave_web_search"
      ]
    },
    "tavily": {
      "command": "npx",
      "args": [
        "-y",
        "tavily-mcp@0.2.3"
      ],
      "env": {
        "TAVILY_API_KEY": "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"
      },
      "alwaysAllow": [
        "tavily-search",
        "tavily-extract",
        "tavily-crawl",
        "tavily-map"
      ]
    }
  }
}